{
  "runtimeTarget": {
    "name": ".NETCoreApp,Version=v7.0",
    "signature": ""
  },
  "compilationOptions": {},
  "targets": {
    ".NETCoreApp,Version=v7.0": {
      "ChocoboRacer/0.0.0.1": {
        "dependencies": {
          "DalamudPackager": "2.1.12",
          "LiteDB": "5.0.17",
          "XivCommon": "9.0.0"
        },
        "runtime": {
          "ChocoboRacer.dll": {}
        }
      },
      "DalamudPackager/2.1.12": {},
      "LiteDB/5.0.17": {
        "runtime": {
          "lib/netstandard2.0/LiteDB.dll": {
            "assemblyVersion": "5.0.17.0",
            "fileVersion": "5.0.17.0"
          }
        }
      },
      "XivCommon/9.0.0": {
        "runtime": {
          "lib/net7.0-windows7.0/XivCommon.dll": {
            "assemblyVersion": "9.0.0.0",
            "fileVersion": "9.0.0.0"
          }
        }
      }
    }
  },
  "libraries": {
    "ChocoboRacer/0.0.0.1": {
      "type": "project",
      "serviceable": false,
      "sha512": ""
    },
    "DalamudPackager/2.1.12": {
      "type": "package",
      "serviceable": true,
      "sha512": "sha512-Sc0PVxvgg4NQjcI8n10/VfUQBAS4O+Fw2pZrAqBdRMbthYGeogzu5+xmIGCGmsEZ/ukMOBuAqiNiB5qA3MRalg==",
      "path": "dalamudpackager/2.1.12",
      "hashPath": "dalamudpackager.2.1.12.nupkg.sha512"
    },
    "LiteDB/5.0.17": {
      "type": "package",
      "serviceable": true,
      "sha512": "sha512-cKPvkdlzIts3ZKu/BzoIc/Y71e4VFKlij4LyioPFATZMot+wB7EAm1FFbZSJez6coJmQUoIg/3yHE1MMU+zOdg==",
      "path": "litedb/5.0.17",
      "hashPath": "litedb.5.0.17.nupkg.sha512"
    },
    "XivCommon/9.0.0": {
      "type": "package",
      "serviceable": true,
      "sha512": "sha512-avaBp3FmSCi/PiQhntCeBDYOHejdyTWmFtz4pRBVQQ8vHkmRx+YTk1la9dkYBMlXxRXKckEdH1iI1Fu61JlE7w==",
      "path": "xivcommon/9.0.0",
      "hashPath": "xivcommon.9.0.0.nupkg.sha512"
    }
  }
}